{
    "1": {
        "sadness": {
            "x": -0.301,
            "y": -0.301
        }
    },
    "2": {},
    "3": {
        "joy": {
            "x": 0.79,
            "y": 0.15800000000000003
        }
    },
    "4": {
        "anticipation": {
            "x": 0.405,
            "y": 0.6480000000000001
        }
    },
    "5": {
        "surprise": {
            "x": 0.144,
            "y": 0.72
        }
    }
}