{
    "1": {
        "disgust": {
            "x": -0.66,
            "y": 0.132
        }
    },
    "2": {
        "sadness": {
            "x": -0.44799999999999995,
            "y": -0.44799999999999995
        }
    },
    "3": {
        "disgust": {
            "x": -0.54,
            "y": 0.10800000000000001
        }
    },
    "4": {
        "fear": {
            "x": -0.357,
            "y": 0.357
        }
    },
    "5": {
        "joy": {
            "x": 0.82,
            "y": 0.164
        }
    }
}