{
    "1": {
        "fear": {
            "x": -0.34299999999999997,
            "y": 0.34299999999999997
        }
    },
    "2": {
        "anticipation": {
            "x": 0.31,
            "y": 0.496
        }
    },
    "3": {
        "sadness": {
            "x": -0.39899999999999997,
            "y": -0.39899999999999997
        }
    },
    "4": {
        "fear": {
            "x": -0.434,
            "y": 0.434
        }
    },
    "5": {
        "trust": {
            "x": 0.664,
            "y": -0.415
        }
    }
}