{
    "1": [
        0.7999999999999999,
        -0.5
    ],
    "2": [
        0.19999999999999998,
        1.0
    ],
    "3": [
        0.8,
        -0.5
    ],
    "4": [
        -0.7,
        -0.7
    ],
    "5": [
        1.0,
        0.2
    ]
}